{"cameraMode":{"drawMode":0,"name":"Shaded","section":"Shading Mode"},"sceneLighting":true,"audioPlay":false,"sceneViewState":{"showFog":false,"showMaterialUpdate":false,"showSkybox":false,"showFlares":false,"showImageEffects":false,"showParticleSystems":false},"in2DMode":false,"pivot":{"x":-5.33845853805542,"y":-17.88359832763672,"z":-66.52037048339844},"rotation":{"x":-0.004221923649311066,"y":0.9883362054824829,"z":-0.14968526363372804,"w":-0.027877354994416238},"size":86.21619415283203,"orthographic":false}