{"cameraMode":{"drawMode":0,"name":"Shaded","section":"Shading Mode"},"sceneLighting":true,"audioPlay":false,"sceneViewState":{"showFog":false,"showMaterialUpdate":false,"showSkybox":false,"showFlares":false,"showImageEffects":false,"showParticleSystems":false},"in2DMode":false,"pivot":{"x":10.48644733428955,"y":-19.182512283325197,"z":-56.21535873413086},"rotation":{"x":0.005800594575703144,"y":0.9790998697280884,"z":-0.2013387531042099,"w":0.02820681408047676},"size":79.89107513427735,"orthographic":false}