{"cameraMode":{"drawMode":0,"name":"Shaded","section":"Shading Mode"},"sceneLighting":true,"audioPlay":false,"sceneViewState":{"showFog":true,"showMaterialUpdate":false,"showSkybox":true,"showFlares":true,"showImageEffects":true,"showParticleSystems":true},"in2DMode":false,"pivot":{"x":474.82861328125,"y":-116.79479217529297,"z":-49.38349151611328},"rotation":{"x":0.968593418598175,"y":0.025804666802287103,"z":-0.11384513974189758,"w":0.2195456624031067},"size":22.36974334716797,"orthographic":true}